{
	"project_name": "gtp-python-rest-app",
	"slack": "dummy-channel",
	"email": [
		"Siddharth.Singh0@walmart.com"
	],
	"variables": {
		"giturl": "https://gecgithub01.walmart.com/Intl-Architecture-Developer-Tools/gtp-python-rest-app.git",
		"scmurl": "https://gecgithub01.walmart.com/Intl-Architecture-Developer-Tools/gtp-python-rest-app.git"
	},
	"flows": {
		"pod-profiler": {
			"agent": "jmeter",
			"type": "pod-profiler",
			"sla": "30",
			"sla_selector": "avg95thPct",
			"version": "@project.version@",
			"daily_peak": "10",
			"holiday_peak": "100",
			"artifact": "gtp-python-rest-app",
			"namespace": "kabfiewds",
			"cluster_id": "scus-lab-a1",
			"dc_load_distribution": {
				"scus-dev-aperf1": 100
			},
			"config": "/perf/perf.jmx",
			"appurl": "gtp-python-rest-app.kabfiewds.scus-lab-a1.cluster.k8s.us.walmart.net"
		},
		"baseline": {
			"agent": "jmeter",
			"appurl": "gtp-python-rest-app.kabfiewds.scus-lab-a1.cluster.k8s.us.walmart.net",
			"duration": "30",
			"vu": "15",
			"dc_load_distribution": {
				"scus-dev-aperf1": 100
			},
			"config": "/perf/perf.jmx"
		}
	}
}